client_id,round,cpu_usage,memory_usage,network_bandwidth,training_time,local_loss,local_accuracy,status
C1,1,62.8,65.6,7.9,17.9,0.429,83.3,healthy
C2,1,67.7,65.4,7.8,17.8,0.39,84.9,healthy
C3,1,65.8,67.6,8.2,17.6,0.421,84.5,healthy
C4,1,52.9,60.3,9.2,15.4,0.409,84.7,healthy
C5,1,67.5,69.6,8.3,20.2,0.428,83.6,healthy
C1,2,61.1,64.3,8.4,17.6,0.422,84.6,healthy
C2,2,76.4,72.3,7.7,17.6,0.38,85.7,healthy
C3,2,66.3,68.0,8.0,17.0,0.4,84.8,healthy
C4,2,56.9,63.5,9.3,15.7,0.4,85.0,healthy
C5,2,68.5,70.4,8.8,19.2,0.435,84.1,healthy
C1,3,62.7,65.6,8.4,16.0,0.412,84.5,healthy
C2,3,69.4,66.7,7.7,19.5,0.377,86.1,healthy
C3,3,60.6,63.0,7.9,17.7,0.411,85.1,healthy
C4,3,57.0,63.6,9.0,15.8,0.404,85.2,healthy
C5,3,64.8,67.4,8.2,18.1,0.431,84.4,healthy
C1,4,63.7,66.4,8.1,17.4,0.42,84.8,healthy
C2,4,72.1,68.9,7.6,17.8,0.38,85.6,healthy
C3,4,65.0,66.9,7.9,17.6,0.408,85.3,healthy
C4,4,56.7,63.3,9.1,15.9,0.393,84.9,healthy
C5,4,64.4,67.1,8.1,18.1,0.427,84.3,healthy
C1,5,61.1,64.2,8.6,17.0,0.418,84.8,healthy
C2,5,70.5,67.6,7.5,17.8,0.39,85.6,healthy
C3,5,64.9,66.8,8.1,17.2,0.387,85.4,healthy
C4,5,53.7,60.9,9.2,16.2,0.407,85.7,healthy
C5,5,65.4,68.0,8.6,19.2,0.435,85.2,healthy
C1,6,62.9,65.7,8.6,16.3,0.402,85.1,healthy
C2,6,70.0,67.2,7.4,18.7,0.377,86.0,healthy
C3,6,78.5,77.0,4.6,28.7,0.54,79.9,healthy
C4,6,56.0,62.8,8.8,14.5,0.392,85.8,healthy
C5,6,67.0,69.2,8.3,18.9,0.43,85.3,healthy
C1,7,61.6,64.7,7.9,15.9,0.402,85.7,healthy
C2,7,75.4,71.5,7.8,19.0,0.372,86.4,healthy
C3,7,93.5,90.5,1.6,44.8,0.748,70.7,straggler
C4,7,52.7,60.2,9.4,16.5,0.385,86.4,healthy
C5,7,66.4,68.7,8.6,18.6,0.404,85.0,healthy
C1,8,62.4,65.3,8.7,17.4,0.403,86.2,healthy
C2,8,74.3,70.6,7.9,17.7,0.386,87.3,healthy
C3,8,71.3,70.3,7.6,19.1,0.406,85.0,healthy
C4,8,59.3,65.4,9.0,15.9,0.399,86.2,healthy
C5,8,65.8,68.2,8.7,18.6,0.414,85.7,healthy
C1,9,62.8,65.7,8.6,17.4,0.409,85.5,healthy
C2,9,70.9,67.9,7.5,17.0,0.363,87.3,healthy
C3,9,65.8,67.6,7.6,17.6,0.387,86.4,healthy
C4,9,57.5,64.0,9.3,17.3,0.381,86.6,healthy
C5,9,67.4,69.6,8.6,19.2,0.401,86.1,healthy
C1,10,62.6,65.5,9.0,18.9,0.391,86.5,healthy
C2,10,67.3,65.1,7.6,18.4,0.382,87.4,healthy
C3,10,62.7,64.8,7.4,17.5,0.379,86.6,healthy
C4,10,52.8,60.2,9.1,14.8,0.365,88.1,healthy
C5,10,64.8,67.4,8.2,20.7,0.439,85.8,healthy
